{"cameraMode":{"drawMode":0,"name":"Shaded","section":"Shading Mode"},"sceneLighting":false,"audioPlay":false,"sceneViewState":{"showFog":true,"showMaterialUpdate":true,"showSkybox":true,"showFlares":true,"showImageEffects":true,"showParticleSystems":true},"in2DMode":false,"pivot":{"x":0.4429999589920044,"y":0.04500007629394531,"z":0.0},"rotation":{"x":0.08990351110696793,"y":0.9045889973640442,"z":-0.34236031770706179,"w":0.23754379153251649},"size":21.216934204101564,"orthographic":false}