{"cameraMode":{"drawMode":0,"name":"Shaded","section":"Shading Mode"},"sceneLighting":false,"audioPlay":false,"sceneViewState":{"showFog":true,"showMaterialUpdate":true,"showSkybox":true,"showFlares":true,"showImageEffects":true,"showParticleSystems":true},"in2DMode":false,"pivot":{"x":-13.75309944152832,"y":33.3248405456543,"z":132.3362579345703},"rotation":{"x":0.5285301208496094,"y":0.2041884809732437,"z":-0.132704496383667,"w":0.8132398128509522},"size":50.68559265136719,"orthographic":false}