{"cameraMode":{"drawMode":0,"name":"Shaded","section":"Shading Mode"},"sceneLighting":false,"audioPlay":false,"sceneViewState":{"showFog":true,"showMaterialUpdate":true,"showSkybox":true,"showFlares":true,"showImageEffects":true,"showParticleSystems":true},"in2DMode":false,"pivot":{"x":700.8018798828125,"y":305.10357666015627,"z":-528.9409790039063},"rotation":{"x":0.006419972982257605,"y":-0.7242634892463684,"z":0.006742398254573345,"w":0.6894702911376953},"size":244.18231201171876,"orthographic":false}