{"cameraMode":{"drawMode":0,"name":"Shaded","section":"Shading Mode"},"sceneLighting":false,"audioPlay":false,"sceneViewState":{"showFog":true,"showMaterialUpdate":true,"showSkybox":true,"showFlares":true,"showImageEffects":true,"showParticleSystems":true},"in2DMode":false,"pivot":{"x":-2.757571220397949,"y":0.344057559967041,"z":15.41889476776123},"rotation":{"x":-0.24507619440555573,"y":0.3933154046535492,"z":-0.10961990058422089,"w":-0.879331648349762},"size":9.172146797180176,"orthographic":false}